order_seed,pair,pattern
0,lambda1-lambda2,no clear repulsion
0,lambda2-lambda3,partial repulsion (one side reopens)
0,lambda3-lambda4,partial repulsion (one side reopens)
0,lambda4-lambda5,repulsion (both sides reopen)
0,lambda5-lambda6,repulsion (both sides reopen)
0,lambda6-lambda7,repulsion (both sides reopen)
0,lambda7-lambda8,repulsion (both sides reopen)
1,lambda1-lambda2,repulsion (both sides reopen)
1,lambda2-lambda3,inconclusive (still narrowing at n_max)
1,lambda3-lambda4,partial repulsion (one side reopens)
1,lambda4-lambda5,repulsion (both sides reopen)
1,lambda5-lambda6,repulsion (both sides reopen)
1,lambda6-lambda7,repulsion (both sides reopen)
1,lambda7-lambda8,repulsion (both sides reopen)
2,lambda1-lambda2,partial repulsion (one side reopens)
2,lambda2-lambda3,repulsion (both sides reopen)
2,lambda3-lambda4,repulsion (both sides reopen)
2,lambda4-lambda5,repulsion (both sides reopen)
2,lambda5-lambda6,repulsion (both sides reopen)
2,lambda6-lambda7,repulsion (both sides reopen)
2,lambda7-lambda8,repulsion (both sides reopen)
3,lambda1-lambda2,repulsion (both sides reopen)
3,lambda2-lambda3,repulsion (both sides reopen)
3,lambda3-lambda4,repulsion (both sides reopen)
3,lambda4-lambda5,partial repulsion (one side reopens)
3,lambda5-lambda6,repulsion (both sides reopen)
3,lambda6-lambda7,partial repulsion (one side reopens)
3,lambda7-lambda8,repulsion (both sides reopen)
4,lambda1-lambda2,partial repulsion (one side reopens)
4,lambda2-lambda3,repulsion (both sides reopen)
4,lambda3-lambda4,repulsion (both sides reopen)
4,lambda4-lambda5,repulsion (both sides reopen)
4,lambda5-lambda6,partial repulsion (one side reopens)
4,lambda6-lambda7,repulsion (both sides reopen)
4,lambda7-lambda8,repulsion (both sides reopen)
5,lambda1-lambda2,partial repulsion (one side reopens)
5,lambda2-lambda3,repulsion (both sides reopen)
5,lambda3-lambda4,repulsion (both sides reopen)
5,lambda4-lambda5,repulsion (both sides reopen)
5,lambda5-lambda6,repulsion (both sides reopen)
5,lambda6-lambda7,repulsion (both sides reopen)
5,lambda7-lambda8,partial repulsion (one side reopens)
6,lambda1-lambda2,partial repulsion (one side reopens)
6,lambda2-lambda3,repulsion (both sides reopen)
6,lambda3-lambda4,repulsion (both sides reopen)
6,lambda4-lambda5,no clear repulsion
6,lambda5-lambda6,repulsion (both sides reopen)
6,lambda6-lambda7,repulsion (both sides reopen)
6,lambda7-lambda8,repulsion (both sides reopen)
7,lambda1-lambda2,repulsion (both sides reopen)
7,lambda2-lambda3,inconclusive (still narrowing at n_max)
7,lambda3-lambda4,partial repulsion (one side reopens)
7,lambda4-lambda5,repulsion (both sides reopen)
7,lambda5-lambda6,repulsion (both sides reopen)
7,lambda6-lambda7,repulsion (both sides reopen)
7,lambda7-lambda8,repulsion (both sides reopen)
8,lambda1-lambda2,repulsion (both sides reopen)
8,lambda2-lambda3,repulsion (both sides reopen)
8,lambda3-lambda4,partial repulsion (one side reopens)
8,lambda4-lambda5,repulsion (both sides reopen)
8,lambda5-lambda6,repulsion (both sides reopen)
8,lambda6-lambda7,repulsion (both sides reopen)
8,lambda7-lambda8,repulsion (both sides reopen)
9,lambda1-lambda2,partial repulsion (one side reopens)
9,lambda2-lambda3,repulsion (both sides reopen)
9,lambda3-lambda4,partial repulsion (one side reopens)
9,lambda4-lambda5,repulsion (both sides reopen)
9,lambda5-lambda6,repulsion (both sides reopen)
9,lambda6-lambda7,repulsion (both sides reopen)
9,lambda7-lambda8,repulsion (both sides reopen)
10,lambda1-lambda2,no clear repulsion
10,lambda2-lambda3,repulsion (both sides reopen)
10,lambda3-lambda4,repulsion (both sides reopen)
10,lambda4-lambda5,repulsion (both sides reopen)
10,lambda5-lambda6,repulsion (both sides reopen)
10,lambda6-lambda7,repulsion (both sides reopen)
10,lambda7-lambda8,repulsion (both sides reopen)
11,lambda1-lambda2,repulsion (both sides reopen)
11,lambda2-lambda3,inconclusive (still narrowing at n_max)
11,lambda3-lambda4,repulsion (both sides reopen)
11,lambda4-lambda5,partial repulsion (one side reopens)
11,lambda5-lambda6,repulsion (both sides reopen)
11,lambda6-lambda7,repulsion (both sides reopen)
11,lambda7-lambda8,repulsion (both sides reopen)
12,lambda1-lambda2,repulsion (both sides reopen)
12,lambda2-lambda3,repulsion (both sides reopen)
12,lambda3-lambda4,no clear repulsion
12,lambda4-lambda5,repulsion (both sides reopen)
12,lambda5-lambda6,repulsion (both sides reopen)
12,lambda6-lambda7,repulsion (both sides reopen)
12,lambda7-lambda8,repulsion (both sides reopen)
13,lambda1-lambda2,inconclusive (still narrowing at n_max)
13,lambda2-lambda3,repulsion (both sides reopen)
13,lambda3-lambda4,repulsion (both sides reopen)
13,lambda4-lambda5,repulsion (both sides reopen)
13,lambda5-lambda6,repulsion (both sides reopen)
13,lambda6-lambda7,partial repulsion (one side reopens)
13,lambda7-lambda8,repulsion (both sides reopen)
14,lambda1-lambda2,partial repulsion (one side reopens)
14,lambda2-lambda3,repulsion (both sides reopen)
14,lambda3-lambda4,partial repulsion (one side reopens)
14,lambda4-lambda5,repulsion (both sides reopen)
14,lambda5-lambda6,repulsion (both sides reopen)
14,lambda6-lambda7,repulsion (both sides reopen)
14,lambda7-lambda8,repulsion (both sides reopen)
15,lambda1-lambda2,partial repulsion (one side reopens)
15,lambda2-lambda3,repulsion (both sides reopen)
15,lambda3-lambda4,partial repulsion (one side reopens)
15,lambda4-lambda5,partial repulsion (one side reopens)
15,lambda5-lambda6,repulsion (both sides reopen)
15,lambda6-lambda7,repulsion (both sides reopen)
15,lambda7-lambda8,repulsion (both sides reopen)
16,lambda1-lambda2,no clear repulsion
16,lambda2-lambda3,repulsion (both sides reopen)
16,lambda3-lambda4,repulsion (both sides reopen)
16,lambda4-lambda5,repulsion (both sides reopen)
16,lambda5-lambda6,repulsion (both sides reopen)
16,lambda6-lambda7,repulsion (both sides reopen)
16,lambda7-lambda8,repulsion (both sides reopen)
17,lambda1-lambda2,no clear repulsion
17,lambda2-lambda3,repulsion (both sides reopen)
17,lambda3-lambda4,repulsion (both sides reopen)
17,lambda4-lambda5,no clear repulsion
17,lambda5-lambda6,repulsion (both sides reopen)
17,lambda6-lambda7,repulsion (both sides reopen)
17,lambda7-lambda8,repulsion (both sides reopen)
18,lambda1-lambda2,inconclusive (still narrowing at n_max)
18,lambda2-lambda3,repulsion (both sides reopen)
18,lambda3-lambda4,repulsion (both sides reopen)
18,lambda4-lambda5,repulsion (both sides reopen)
18,lambda5-lambda6,repulsion (both sides reopen)
18,lambda6-lambda7,repulsion (both sides reopen)
18,lambda7-lambda8,repulsion (both sides reopen)
19,lambda1-lambda2,repulsion (both sides reopen)
19,lambda2-lambda3,repulsion (both sides reopen)
19,lambda3-lambda4,repulsion (both sides reopen)
19,lambda4-lambda5,partial repulsion (one side reopens)
19,lambda5-lambda6,repulsion (both sides reopen)
19,lambda6-lambda7,repulsion (both sides reopen)
19,lambda7-lambda8,partial repulsion (one side reopens)
