eig1,eig2,eig3,eig4,eig5,eig6,eig7,eig8
10.553942847815968,8.895145765465465,5.985706317098653,5.283766182546069,4.885921416942371,4.626611834413788,4.102367938550262,3.2692084228660407
10.320851956566374,9.448245802623015,6.312515118139902,4.995075503970322,4.709028865956425,4.198391414933253,3.8834032875036084,2.9577913096178428
10.61959797634253,8.418016021511136,6.268535402384379,4.83988860373794,4.550045819535891,4.273819835030325,3.622206273552949,3.428366115760988
12.080240979380768,7.055781624954018,6.44770362801023,5.028296972998008,4.200881646520581,3.9671591932628907,3.407422753832885,3.166539039884689
11.661250486340503,7.1717234844044615,6.338349734941864,4.935366385678978,4.225490030719265,3.9471114993978076,3.37369662766479,3.1179604820782005
12.50940754260742,7.780611487623566,5.8030141602493535,4.913802138832787,4.040340233413635,3.5903161559878116,3.2913587138167215,2.8161437918503918
12.392578292163588,7.5734155955697755,5.6344891658369525,4.8965929225468985,4.30055867923665,3.368491565183909,3.116616718280405,2.75933191918008
12.066741621315305,7.522631791503535,6.173087013254461,4.8021355994820025,4.073586871807011,3.4664095629438783,2.9633203187762387,2.6544204607672826
11.868683290175287,7.858555888799191,6.071767964231125,4.747593579366141,3.948017796917774,3.357688078748242,2.873213691085708,2.6321775520653055
11.573953018254894,7.712419572177436,5.898180334858526,4.737961856066818,4.356583030506335,3.3056399298114476,2.7854736304785437,2.749460427673321
11.660874564349214,7.623488062854612,5.742339335032964,4.609379449430642,4.249544295408939,3.2173213801106946,2.710527032181689,2.684247712759857
11.400988393836315,7.445678452973724,5.613072391507221,4.721262929208245,4.182843521550409,3.1888118233622076,2.6612314985769263,2.6141954051209595
11.26121162286146,7.395815829958902,5.549836096812314,4.680685267368283,4.123824670182076,3.121776593070978,2.6465205572074155,2.5968711595967173
11.185476145845406,7.418908700616282,5.457923284028167,4.64045042605635,4.03112281987414,3.064998260243887,2.9262692290822128,2.4679577396754704
11.244309016636716,7.09005108278763,5.785350187122859,4.579477619103465,4.032679170337956,3.4321915431496506,2.820735532139288,2.4323155047896305
10.94072399039868,7.051356923152218,5.906506680734179,4.463113854772415,3.9480227617760044,3.325717553400792,2.8541158468981638,2.362143189287027
10.830640201061094,6.902213005691234,5.795755035508897,4.612141740368757,3.8482547036172132,3.3037236115542266,2.770778609583809,2.4440657348452666
10.678079238956748,6.762504372742006,5.656119085105453,4.762444008396639,3.7502621066273596,3.2456847991457214,2.9735194871703388,2.3770343511292005
10.605322466855043,6.642920440880166,5.504102926938384,4.913655914082276,3.7249314162307403,3.1489883355213424,2.962256202266487,2.308397193263678
10.355784386758831,6.516337172917147,5.39613535655636,4.8171506901925225,3.672747389381785,3.3661343512713024,2.8881424194175476,2.432825400281633
10.170080640859723,6.369317260179877,5.288513770507012,4.83118098101933,3.639415919465428,3.2746266876749646,2.8281680373717735,2.548285611324084
9.865701651301674,6.214884373081275,5.313071567201639,4.992948372799006,3.5640761361276594,3.2019959106893876,2.780691571604784,2.519711201340014
9.8990134095544,6.235457181211939,5.2258444753437825,4.8882821106897945,3.68302967499995,3.150269782766887,2.725987766160084,2.496351529106235
9.68337397327015,6.228264386362212,5.582007794358557,4.808036273610404,3.660223800477387,3.1305060212687548,2.6650631749752463,2.524933464045089
9.678961719270262,6.123605959844619,5.644434634664535,4.900411184971271,3.568551774001948,3.071689572007968,2.6274955807327207,2.5644485440280738
9.56672259788779,6.009168435853642,5.578765478802948,4.822827122951952,3.536502229114167,3.014058910837631,2.730594940983958,2.5398544128440808
9.297195786552372,6.0973389299095135,5.5794743506515845,4.663854155185997,3.3832722166184523,2.977098103004159,2.6681016335517196,2.46913023764415
9.22163535010819,6.3593000637654,5.517315715890551,4.645068196388305,3.3060890372750817,2.9054453366658017,2.615665606094344,2.4854834734455835
10.122771066899954,6.600004608254749,5.376430396366564,4.554603093700521,3.126687596939448,2.8232856916026754,2.6991750246782384,2.4016633490809522
10.110309906020525,6.830637987206327,5.282892065846846,4.508610213768454,3.034298487413905,2.852556234523412,2.6490388894310795,2.3540650290050626
10.024781007822632,6.695922497087768,5.20079524103113,4.499857707074707,3.0083699908783017,2.8430752369933208,2.6466317534197343,2.352609181306379
9.945252501034886,6.7169695771729785,5.10117717760109,4.458885490167337,2.953567498395471,2.7704480803302793,2.6712748944033757,2.34691163795899
9.714468925790204,6.624029258746756,5.186958135042356,4.403358645942004,3.0803310598912717,2.7294055026477504,2.6468569321530615,2.2717146947285007
9.633072971705413,6.656279734122233,5.12251280557783,4.588836781838281,3.0709707854402337,2.7009333672379925,2.641747248887824,2.2385915822339415
9.534016225559881,6.573491878781354,5.036822747013278,4.533326221875419,3.0248548001760986,2.8571758589218734,2.5911038793491996,2.2696417907431314
9.370639610402083,6.555940408918552,5.023802781587409,4.506756214596941,2.982577411123865,2.9680061601271586,2.5722236277030945,2.2759548530137295
9.136277176445162,6.504181827441199,5.121066936280043,4.462588378748105,2.9656444926507413,2.874556109922209,2.5395130565399384,2.3010833832389945
8.988057706370437,6.42508575469609,5.162704351606846,4.393351671663611,2.9331196025927895,2.841326661926351,2.5880134492580185,2.2716868462568383
8.883204416376405,6.38371260532252,5.176411846791314,4.371122419764779,2.8702353468678834,2.822049390386722,2.5397764530217875,2.254466216143398
8.858386849372895,6.319183164829051,5.22937843751336,4.369290260416508,2.834521018639256,2.817826132725787,2.5138556731098625,2.2324872058792353
8.639288475273556,6.298932764632507,5.100524260584504,4.858735105861247,2.8469390172488436,2.74938495666845,2.4443082592024235,2.284933945144046
8.552828988160211,6.483718668377568,4.978948624757438,4.709034431843372,2.8191492461924623,2.7062826132149835,2.453235894097273,2.25225003147842
8.471925193589435,6.458222899589366,5.04448934309568,4.685681275146776,2.7745603570463953,2.686991841895368,2.4732362432550787,2.281233318521136
8.487927796380166,6.318861703397627,5.042189796494365,4.645236848980544,2.7791009012634778,2.6808032532150894,2.462274725760902,2.366851952488226
8.53034813353958,6.257700790480769,5.0120221296385346,4.5777415552228895,2.725400745479866,2.6261833767230804,2.4734756525771613,2.333657971074698
8.411730067376382,6.365670408546437,4.948761703244307,4.620574425679348,2.70127602758082,2.5953862373455054,2.466452293214073,2.313130499206976
8.315436481960276,6.2903792531604505,4.901137107955191,4.588458322153506,2.761764796164703,2.5354062629838117,2.451199982151996,2.3083542975115203
8.198466838085025,6.331497866895325,4.894402360933546,4.597126426396031,2.7467853202179735,2.5112001619596356,2.435326078481089,2.2939698682910055
8.119418751833052,6.218321156631664,5.105644853991727,4.526999152553664,2.6826688997616004,2.5347160835950495,2.3976758521370116,2.260876339191177
8.117152701191163,6.211532040712339,5.194674404879493,4.502503151449059,2.6572377859687974,2.5197707326762027,2.4370349718429116,2.2408390013739363
8.221495566927274,6.157847628808023,5.131880417090189,4.447690460403459,2.669750153994457,2.543139058542633,2.4077632919995025,2.214381749171864
8.144411180447545,6.108084414879895,5.106312006067613,4.57789347950524,2.653717004300901,2.554892416581911,2.390265397322699,2.215233285636876
8.042252189265433,6.2855795901088625,5.048142280307354,4.7022908146033355,2.6315384835102913,2.50805438014782,2.3341898854923477,2.182492104572439
8.006019684963292,6.326707734543524,5.033257854006498,4.640180205898784,2.660386885200321,2.4620088378051785,2.29226729688367,2.165246493107363
7.9324202085511715,6.259335900022797,5.033113233498424,4.590196151027968,2.836181181482269,2.4406960367534767,2.3037976060982035,2.122631813845591
7.886386929425964,6.213830083740801,5.135248483205136,4.557604384352492,2.8462925793810383,2.426615740762825,2.289958146018174,2.1234748534138723
7.820783347479924,6.2898511956531165,5.015495614687435,4.499195592709272,2.828270448302942,2.4467893674065677,2.351804463499392,2.1577506292115975
7.983294456036125,6.240117326709296,4.959838730092233,4.441365996769282,2.7945347031694308,2.473253470616297,2.330706080574497,2.1303555895555553
7.935045046292721,6.155640163485709,5.090269947564392,4.346680600910448,2.7660709191714465,2.4416384159718345,2.3215924950288502,2.0901658327461035
7.858887149116025,6.071776001060793,5.080189463804539,4.444959261815326,2.7557529055175345,2.4553011348478386,2.38542540850732,2.1260666227808183
7.778637671987375,6.119495063836735,5.111860993568029,4.4137100039662505,2.7321875640199593,2.433732503366916,2.3703159451007827,2.112778218166449
7.686627925530283,6.176951126193122,5.180163303194105,4.353171787763513,2.739182711333708,2.4347036469129892,2.3778274705889872,2.1122475296977985
7.648256976191904,6.1527705153285135,5.19008754838266,4.333473223343243,2.767151319430896,2.431653796855882,2.3682097295163533,2.097416679441559
7.588785356021608,6.132248456589611,5.147424817359046,4.24087497553743,2.7565923178835474,2.5071668025210405,2.4070926151799865,2.0553252058740594
7.695525675260858,6.098020387023314,5.079196068908335,4.204920090533472,2.720297609435506,2.525854380944992,2.385396900507068,2.043258267391666
7.612012695101148,6.0889528259266,5.0553093639831665,4.202355872076931,2.688699063132469,2.5063065061121548,2.3500129056216332,2.0498670877956937
7.5922083435144465,6.055176353231409,5.056437962796214,4.166031284479594,2.665040706113408,2.5325190781227223,2.3540523323382736,2.0741204186648465
7.569464252156997,6.032205592872448,5.061437329514452,4.208183958442196,2.6508896890089226,2.520430980618498,2.347001199853192,2.093868674394947
7.50000722249464,5.987449868092085,5.070590650283376,4.235405664305593,2.646145878269926,2.5177598870140114,2.3165417792559104,2.0987488009588264
7.434713934957593,5.997103587995726,5.0400271193879265,4.204865305815999,2.7442819684718995,2.5310217580833743,2.28920271388276,2.1043847747644917
7.393275853351677,6.0344626012736216,5.035145965949158,4.241593901762495,2.707145603318192,2.513642262939905,2.2735099828560816,2.0962132349294267
7.3237669144550805,5.9692399139997585,5.143681470474042,4.1982946771473495,2.6787602026507185,2.4965015746397916,2.2625892381375783,2.2210775281038715
7.286417095859073,6.051007865110954,5.13135500099164,4.203094135914834,2.6640646582567964,2.49912038573223,2.248512637884101,2.202463225813109
7.327837638245519,6.078865895798824,5.102187055424903,4.225087854897193,2.633920338084312,2.472320217616459,2.2414006647090536,2.212930270100507
7.3014083145942745,6.069669752414477,5.0821147644869065,4.192557581832256,2.6665184287927435,2.460129638252265,2.239835350368327,2.2106455192320045
7.261103262806344,6.142248599335968,5.063420668881413,4.205362682172103,2.652593127810747,2.5016833712246047,2.248120824416518,2.2005595031863754
7.226890869468437,6.138451037103432,5.032904851536862,4.177304293358797,2.6633416176779936,2.4939877849767007,2.2805040792905777,2.1756529557113855
7.201053956528239,6.15147102018017,5.016709667419793,4.146586033526549,2.6545022395668747,2.545561367507977,2.259935951180991,2.1671654638463678
7.2592614549567145,6.179098453553421,4.963326513982582,4.1138506994877195,2.653871873264337,2.5206959319401947,2.2494839632950603,2.1411845232073525
7.294281052174904,6.172854307001803,4.942197128450886,4.116476026730844,2.6368456521046553,2.5048196143212134,2.2392874801161597,2.1443558466188724
7.2554320141673365,6.155383009819658,4.908641398675877,4.105330277434028,2.6126806229473902,2.4906231876201415,2.2277030993654754,2.1337956407120404
7.206043892655197,6.171903681333438,4.9168966333951,4.088845241072755,2.5940943102993335,2.468021480398877,2.2290718402417937,2.1749143507574455
7.223448225846377,6.190642343979656,4.846348046761987,4.014634884500787,2.5747064345576116,2.4362883579093877,2.217183977155666,2.124172401376805
7.206511764748452,6.200052022398339,4.852745968331523,3.995734666678091,2.557487588800634,2.464563052413492,2.204023140005179,2.1227458779175907
7.2315976979284775,6.169569501890453,4.821270390691,3.977671195587737,2.5476948891277944,2.4490540226185225,2.193079806438252,2.1167418720976725
7.166692414483781,6.112316512739286,4.830399653674008,4.080524754404646,2.5241437671455715,2.4164040995468388,2.2390418047306877,2.098207978994329
7.089848751466431,6.1200274225340054,4.837738510446386,4.1387310627149025,2.525358133999695,2.401017438061772,2.2334922429737536,2.109953814882498
7.0498797320149444,6.129367038776214,4.820587480144692,4.139514702957301,2.5023135202250195,2.3878559958614716,2.224705095378005,2.1001994182463175
7.038686367518482,6.1569486541074685,4.816507403945223,4.13035771591219,2.517833489916739,2.384987626106056,2.210709572155531,2.0892023159974635
7.092795330493315,6.144884495000363,4.792398911976069,4.190311155632182,2.488357250354791,2.3713791598088685,2.19388625307596,2.118084244593916
7.084868774238364,6.1429712169237405,4.786613941545188,4.169623217588664,2.4819230604690388,2.3652490762869296,2.2043256926255834,2.108338091193634
7.050022936305078,6.162551754285271,4.772441625032304,4.14548026348575,2.4618459418340843,2.363017676373229,2.214664517161104,2.084876719494425
7.0154694642151,6.121354404350801,4.74467323250936,4.12397361188602,2.441448645541893,2.3705867134606566,2.208991984028881,2.1381537908242136
7.036899694565058,6.149401636417329,4.687681464629003,4.100000937274455,2.4236792893629135,2.4070287799545222,2.2019221704763132,2.126222527677509
7.03776428434652,6.158060469065265,4.725975052832771,4.080354465224519,2.4388798596820944,2.395448388543336,2.187906873654797,2.1160455504942637
6.995047785863579,6.128166914080875,4.71166226453121,4.157681303176296,2.435372191347416,2.388623970594925,2.171940450523957,2.106512504212907
6.962541261035021,6.158755993033541,4.692572968830226,4.126603679350811,2.4223286187678656,2.389756343197132,2.150801922286464,2.1084067193301856
7.015328777803096,6.118588847395284,4.65787577582094,4.12524742862736,2.4279287837745214,2.3856078319890006,2.1794459021685677,2.0919517656801525
6.983447069203488,6.166142811007687,4.639581237214945,4.177610094743973,2.4302094266397507,2.3684466091832226,2.1699137666980537,2.0750597829706385
7.23326099307556,6.130553941458945,4.545917953769575,4.283360450865622,2.4102893378138717,2.344886364891629,2.145911825774497,2.058650797636132
7.253974306210045,6.097922728555563,4.550851782347656,4.275163629455489,2.392775065228098,2.3681876287390518,2.127120287375339,2.06012046968149
7.1718763040874,6.175739855387326,4.505016696422506,4.2529042723736765,2.372061736400611,2.3525893933533966,2.269345503518445,2.0412021790028763
7.119284457250809,6.136752555316675,4.494825377295491,4.235132466085035,2.4162096977772056,2.3336994074888455,2.2482111147973316,2.0749744129564687
7.063784411588848,6.1759050478635205,4.444431987229308,4.220681558517247,2.405791921650378,2.3845718003335814,2.2471986902945353,2.1060048927595725
7.012930266505909,6.139886946499068,4.413962298383602,4.212967961839202,2.4285326583637117,2.3577893583949057,2.308071499350787,2.090198292490707
7.0070271866899745,6.1320816767437,4.400648834152514,4.195064145310565,2.422900157133356,2.3460828645158824,2.315259844769071,2.10024667516121
6.926011178544385,6.396257390026097,4.386146864858403,4.160379013250019,2.408038270992139,2.356448468893213,2.2943926283922513,2.0857396898286527
6.919703996799356,6.378503920320302,4.372457710072471,4.103947367380686,2.417968903196112,2.3488993280456523,2.28907658217527,2.0720531350864424
6.898466523830542,6.370739886532286,4.367444553534719,4.113533906365649,2.419481387835645,2.334667188906809,2.299943452515683,2.0535628442774696
7.354947442348315,6.292229490485533,4.32089800761259,4.170678672273311,2.3819193653027355,2.308809192103687,2.28236283061812,2.0601913117364226
7.315483336537264,6.281107453234064,4.339084435679026,4.160373891315145,2.4043364437512014,2.2989642964298076,2.2797058846725267,2.0545827519090634
7.298412373972065,6.194332088476847,4.376488099939034,4.259954463591316,2.623431147973014,2.308966407745875,2.2686684437580382,2.0307543328176583
7.256242564779091,6.151414796933667,4.3622428282955,4.301717600644124,2.6100223262909092,2.3191217773186255,2.250658009955372,2.0248504843412163
7.21869470394857,6.199793868376098,4.363019587561702,4.267149447265873,2.597987390455252,2.2961363938859902,2.2485785280440775,2.0127149195632246
7.706488165953777,6.093123460457218,4.423503776818212,4.195733097434249,2.561458423322449,2.2795631262774285,2.225533960536719,2.0035716071569363
7.6976103551275905,6.090317307498678,4.415515690263758,4.18509055537613,2.577322268542851,2.296648581853352,2.2156042621756815,1.9970993109168782
7.655554764645416,6.15753953947492,4.402192234679366,4.222243222318473,2.5680096241047785,2.2836571649195405,2.206725773973768,1.9850278775327734
7.605653115421638,6.168763434854143,4.384543860830816,4.228070390373093,2.554634592827266,2.267548988547479,2.237223666328809,1.9906284371598946
7.548860612937634,6.207281356343651,4.363455823736223,4.21759588919136,2.5432854847264057,2.254927552047434,2.2275882637007376,1.9798555304692964
7.487356357320832,6.366935030150971,4.345409150338823,4.207050993138638,2.523654775725756,2.2673650525886924,2.2204507976514924,1.9739137180544124
7.456666989488023,6.338736413056394,4.337430475797807,4.199274798071889,2.5263763351903386,2.2719286877930682,2.2047851323882113,1.967474408192542
7.432161278996472,6.3041435777964665,4.325243027049019,4.2060311761354345,2.5207054112364027,2.3072873835742036,2.231508506984072,1.9669621132711261
7.386418460273738,6.263127493519433,4.308876315298543,4.26083388753583,2.5103203484297034,2.2969066284777813,2.2250711956248734,1.96312667093491
7.367567747022735,6.255825543562229,4.331311463977253,4.255036772380335,2.4994138808790365,2.2880144644698297,2.2177178092396264,1.952976609469302
7.332704693262349,6.305457905714833,4.308437339530132,4.264715574422012,2.488197176111868,2.2818368079517346,2.2045056800755662,1.9412705051838604
7.281631999462823,6.377224959375897,4.297672335152052,4.239149724818292,2.481637534433278,2.2968182323810056,2.2365913537061144,1.919872873646684
7.256514816735771,6.404871312409663,4.305184962413714,4.220691461465135,2.504791259787679,2.2800762144295974,2.245526318137102,1.9096226730173744
7.227578267341433,6.424630425416799,4.291162606043009,4.21216377877573,2.507238277916907,2.276331540162607,2.242356656101379,1.9217194059542062
7.216185242487056,6.389801584921921,4.267806819002627,4.188125150873685,2.4914090993678673,2.282816806615847,2.2400171053912694,1.9192660891013718
7.197884042968976,6.367424474756779,4.258513747405658,4.183601017620361,2.4867997798928347,2.291213941113315,2.243753474407343,1.923339142316423
7.167005424183418,6.4127410161585106,4.224604744138763,4.156626559126453,2.4713547103360023,2.3161902848878784,2.241930927771366,1.9155123231267723
7.144292349458689,6.404444573557415,4.328229893712364,4.138878606371376,2.4543716497114425,2.327170203119191,2.242532046550658,1.9028007730353327
7.119445236271957,6.404752314381773,4.30858017053441,4.127395301888671,2.447377843717519,2.3321711083037724,2.268977788509837,1.9059764493178857
7.08327890718094,6.386829022614081,4.277390671662482,4.128516783758054,2.442881776137019,2.320028617376629,2.2767185192415913,1.8963538016217811
7.214662060072565,6.392064869175143,4.261423175170113,4.094381342318328,2.432895418354041,2.304767267250362,2.2714028761376346,1.9172253855678114
7.147558651168328,6.433671286633915,4.236155041918925,4.068823191587048,2.423233683503189,2.306254761302,2.2944813794223022,1.9055924001055786
7.084526923429342,6.5913624988157204,4.203666830466997,4.04760024192408,2.409346310829289,2.314630684542937,2.2851804771373647,1.903274783931397
7.060737577968899,6.558073947407252,4.188574474108602,4.037922513360768,2.407756891877675,2.319358955644796,2.284882586910347,1.8942561337754198
7.125146818485467,6.528750243441139,4.174756483871997,4.001428410755613,2.3956646811132085,2.3122983669686685,2.2697721356018024,1.8862652229908436
7.102243250101197,6.508768176397511,4.214488259798015,3.984648197963021,2.399009237645589,2.3058204920231447,2.268512204736462,1.8921357594293375
7.303447457315931,6.47061620936515,4.190962450780539,3.9291342908720717,2.386473849636813,2.343278950830415,2.2495304855287093,1.8653846584244131
7.226941423258942,6.459351005305946,4.198885564666851,3.8748698827055414,2.371852965663679,2.3290026921909504,2.2533786273785843,1.8512116017705178
7.208405410025411,6.453285100630482,4.186687424293229,3.8711492607349665,2.388013556129067,2.3269392188976266,2.2611761373717356,1.8529729362931624
7.203640355770853,6.394886908931313,4.165817346020896,3.8745239254889654,2.3786375571659715,2.3115956655702075,2.295424730900674,1.846630063358951
7.1564112528435615,6.418727108692053,4.142928628706424,3.9202696968607564,2.3691493038097065,2.295181647793001,2.2824312592676423,1.8598215200478623
7.1406510238002925,6.4111184771635745,4.122801411377475,3.900167072579016,2.3775578124549406,2.321224114940445,2.2709568210615174,1.8624785629643552
7.118461818435248,6.406028429663291,4.155840566121103,3.8913768168725382,2.3720876179946546,2.3164585437337974,2.262350054915319,1.8591849514651793
7.0943663908411185,6.401786657840719,4.144948483317555,3.9049041084255185,2.3999781459723195,2.3121484759807016,2.2508441272683086,1.848313888603876
7.074586310558497,6.466171312223624,4.147390818931948,3.87902891680684,2.387742013296809,2.3080420555204038,2.2322378826539286,1.8349419985407855
7.056226477651807,6.411986613073535,4.10069379265727,3.879084713954026,2.365471633261006,2.2939692394474194,2.222286629719559,1.895295186463706
7.024087570401012,6.382682578389924,4.106367201645457,3.875349498249908,2.3559384718143197,2.2993122084265623,2.245370276620812,1.8986617045347987
7.008433311219726,6.383808976647171,4.092055205484147,3.865721307976885,2.345918978469873,2.2970486183382532,2.2404259840519316,1.8908883910042282
7.030183741082578,6.413716022870744,4.087496842080961,3.846402889788208,2.37600174152108,2.3003160827732803,2.2329597075378835,1.88097347847119
7.009889688317422,6.375356254784293,4.134450312747573,3.812707972149884,2.383816081085746,2.290255621672836,2.2228502096876963,1.8783549248123568
7.020049048794866,6.393466919651854,4.124094590398853,3.8039232507074696,2.4139634047411964,2.28343359661627,2.2230639236952867,1.8682753432951944
6.980549422034604,6.525610278818302,4.113412854744702,3.7849813487796333,2.4048691268282902,2.3535750318239836,2.2184524654656608,1.8551019913304891
6.956229886655158,6.503193117463428,4.133524604917839,3.7620772309217987,2.3967056071965693,2.346316500931202,2.2178310318398835,1.8757567669848971
6.9364828418755105,6.483515966006662,4.131987785468962,3.751330018969932,2.4356637074467984,2.3376816011252592,2.2083572220496777,1.8684850098812986
6.924336110864895,6.466893383107376,4.152971581234775,3.7422948969756193,2.427419970415234,2.3317554687865787,2.2054028582936547,1.8607483100669233
6.900134872919327,6.43812927735217,4.145756706544783,3.7304346391826466,2.444050066457308,2.3289775314135226,2.2133185796119808,1.8693140160071202
6.897246770392868,6.479044431233395,4.125467998600332,3.718867023963672,2.4382465394609767,2.3246873835338677,2.209137924012426,1.860845544821512
6.889819416260822,6.490988246180777,4.177110564085307,3.718910820421875,2.4300833726563043,2.3199577132706914,2.225729046614135,1.8580993654995666
6.887305411671588,6.480963939540504,4.164377728854651,3.7069496922280583,2.424889414208532,2.3230983023866125,2.238614248936235,1.8721529538802533
6.8632512714808325,6.46407516312284,4.16163163861951,3.705103479189111,2.4177773188690592,2.325621756431821,2.2615681698568415,1.8652169561200382
6.8221852242658825,6.489857664038141,4.143112505835997,3.6730947736330104,2.406678169414074,2.391353576600245,2.2704918128224865,1.843901997105072
6.805694570712258,6.531650529411086,4.1229080661602655,3.6747662058963124,2.4127652412129668,2.3966114383599697,2.2611403123629907,1.8407918338419234
6.791503633582158,6.5279535638165385,4.111957543895828,3.7247359276911913,2.407121580464575,2.388744841833308,2.2631518668453943,1.8287924002719385
6.798265529559304,6.508218762130537,4.09939390111481,3.714057726657695,2.418559724031827,2.3837093015744553,2.2579008088042025,1.8214641749860712
6.7685892413515445,6.589930306181888,4.085076476519689,3.7046240846517655,2.431704525729546,2.371830119078258,2.255648509437751,1.8147750845136978
6.793160900299406,6.584869198337149,4.0557986915380955,3.6887386378107063,2.444190970142473,2.3794827807656125,2.2439880593722976,1.8615063916626147
6.783608021636637,6.572600333373645,4.047156724589324,3.6831007945498584,2.4616842425614887,2.3758402585357463,2.2390212482519014,1.8544136513087308
6.773844128358073,6.5528534532452944,4.050091348592417,3.6757524694448884,2.457422639234737,2.3768964096647998,2.240643850551607,1.8543846763681173
6.834611040778312,6.495662706513629,4.144579512451025,3.661370808387362,2.444733089022853,2.3669374519213537,2.2161010065413915,1.834820388160321
6.818245771170841,6.49380919282485,4.13060280394757,3.648751446138558,2.456486182980781,2.369746679225416,2.210871944946047,1.8334167171819593
6.820631824718847,6.470535276744137,4.149655001459545,3.6533473556791427,2.441815549745801,2.387500514134924,2.2040532047809624,1.8308660289545664
6.81529430854289,6.448216512284984,4.164880101603793,3.632169718180685,2.442899817669503,2.3768229686793987,2.1962176238397255,1.8204938886828317
6.787927953356246,6.404984017544516,4.143228181145968,3.653723044365021,2.4258422918761995,2.363756566397897,2.158645012062076,1.809615716905634
6.796489442449854,6.402587675680315,4.1237148554582514,3.6736264469166344,2.4330275045435648,2.3539742492995757,2.1582506575289107,1.7949578614727344
6.806468779499895,6.3681058821183685,4.107464810350864,3.6979200770743867,2.4215445070409194,2.343388321841635,2.1491552390749913,1.8090322947105222
6.79516239175579,6.33785100453708,4.09367833658192,3.7001883746853896,2.419073126938661,2.3325470138746183,2.1649479190118326,1.8150777220587282
6.7807838154968305,6.3250037367523175,4.087667671690886,3.68939174511036,2.4069437308113892,2.3310292951859837,2.1781940218610556,1.8036245453999469
6.732966187210704,6.336804027999103,4.096809555720812,3.709790378032964,2.3960627361811917,2.3179777431891067,2.1796432243332755,1.8015626654723182
6.786849230353138,6.31725781255626,4.074629821725278,3.7074102909611932,2.390345183916875,2.3348392278661274,2.1702602296877256,1.8146667791423685
6.784646901642514,6.296867389811835,4.112381136587469,3.692264117918376,2.4003854765924473,2.3287939452535396,2.214456064288229,1.803001896988043
6.823120205895474,6.35531799614961,4.099549136994471,3.6829289123434545,2.4095636952649326,2.3184227449441743,2.2072994670345287,1.7951620421808216
6.869643058245009,6.316252077093101,4.12027715189986,3.668678804651264,2.4124130730892173,2.3198563370410668,2.2050243943477565,1.7990142057481655
6.855764102306301,6.330996918958467,4.103586354943953,3.6582293627262947,2.4095782726587887,2.317676210106228,2.236550991930072,1.7994316722033643
6.804730877896875,6.3058240173807745,4.086987939390427,3.80969490413036,2.399147418470165,2.3095723945113886,2.2390080655620563,1.7899878650663839
6.806006185682435,6.293835039086502,4.074770241400267,3.8256270814699485,2.4018435939693368,2.307816680301317,2.2346243532487304,1.7953575072383212
6.774195795188968,6.277020189287224,4.056528326989627,3.8627876916250554,2.395510836653212,2.312064954411023,2.2530686596221763,1.8011993338349521
6.79014550130891,6.416215222093633,4.033918212031779,3.8392662506707067,2.3806035441884843,2.291969541717353,2.2347610786403362,1.7921460872611803
6.833617666261403,6.3904974447462495,4.061428366416209,3.8257832661036066,2.3739637376698783,2.2866928348491324,2.228047128564867,1.7850761957057704
6.836593937817545,6.40095121344375,4.066908035561456,3.8169838933255025,2.3771229124086806,2.290187136921558,2.2206767927926117,1.7809655824088577
6.848108175633049,6.375193431020137,4.046455727183209,3.7888896974467166,2.3757643323393864,2.299894105116681,2.2141109113662303,1.7746497062011573
6.845476969243686,6.357606992602906,4.044470156414427,3.787555154781071,2.3655014323718544,2.297760146030774,2.2054726254221277,1.7703646594769193
6.885803976427498,6.326322652707638,4.061260951311969,3.7734976204237882,2.390771326913809,2.3100001475585943,2.193865440779408,1.761652315140035
6.871612610611963,6.308803445724064,4.05261975890452,3.7663923333825284,2.3846796164213626,2.3208926017911384,2.188146089853443,1.7592984389865598
6.914528048173459,6.29807005879907,4.047136302664709,3.7594733515331282,2.378840230116996,2.316643802682405,2.1863979395480024,1.7545669473471495
6.9534926406076485,6.283378345854034,4.05031398111543,3.7487762083528895,2.4035432517583826,2.3113498674480835,2.1808556848712093,1.7484722182072823
6.913173261671501,6.274492524311021,4.0423392805367735,3.74810939422194,2.4053913897965717,2.319753707160301,2.1824294163427993,1.7722655003342231
6.910465532540957,6.2847361054964965,4.033034865520591,3.7643668663114545,2.397660094859327,2.322431845932844,2.1766209688193925,1.7617637848062984
7.055542257073386,6.29482465103067,4.017252109903648,3.7291352916134195,2.4038990907951177,2.3274184853883284,2.164613607228976,1.7539980520764566
7.060135633991865,6.304330725389431,4.033301729607079,3.715795086495683,2.4248232514630064,2.3167180832115686,2.1515810131959356,1.7446006906535445
7.032213302959637,6.304978746828225,4.0174856070022935,3.748251835522633,2.4077954445821135,2.307550092952782,2.148814669895108,1.8017764164709618
7.2471220172377,6.240745817513896,4.007545820683157,3.7036533948816435,2.398957101513421,2.3535450128036097,2.1139800720605555,1.8089798429094281
7.2084141963910024,6.204116967481059,3.9880658850679063,3.749603903202832,2.39833678919426,2.3399542752431035,2.0996518683425975,1.8139976550308667
7.1788590281572855,6.2038870283364105,3.9853117832610128,3.775286163079075,2.391818676617512,2.3515132159515955,2.1092455030133466,1.8077810451240826
7.211899977417932,6.1880640567950955,3.9718019494433605,3.770317423704292,2.389750799273339,2.364304984375789,2.105663609346723,1.804780462698877
7.204714452708493,6.174452994650523,3.969750844409971,3.761573735053577,2.381950177460852,2.3560619319790765,2.1330155429742503,1.8032365412735927
7.19711664790222,6.159309152233134,3.9609498525491245,3.756547529688968,2.385954726773339,2.3578130554790007,2.1232135029698154,1.7994607819826771
7.163220834696365,6.219541973612095,3.9459503790020927,3.742553090452306,2.390431374415872,2.3447746281312627,2.130268055876075,1.8063609302737718
7.177160329881466,6.212697207635981,3.9578998643119188,3.7359534294768504,2.3930518277047215,2.344173003564512,2.1269638199717784,1.8012472802914077
7.217972745401562,6.237645584265187,3.9566975210167574,3.7255579824024867,2.3893310577886098,2.336471295666422,2.1204611990244406,1.7952586978155927
7.2336863776895495,6.2172830966346915,3.9524876074184068,3.71401004228731,2.452537511576652,2.333606938024141,2.1122460122632365,1.8065658511564988
7.217890638024461,6.202747206008974,3.9447103261361414,3.7031111407701363,2.4444593938731574,2.3318747181443906,2.1130573428573793,1.7989214143840178
7.203413270248461,6.19564225131656,3.947464637912031,3.7326938291846816,2.435961295430355,2.320896098981296,2.1088877129148837,1.7988282995012195
7.183877228604238,6.182736841944914,3.9771885909136953,3.7241636576901946,2.436974775610135,2.3227170507807586,2.1211745811096523,1.7931728616858602
7.166054908694839,6.173963215487345,3.959397456449751,3.7211734612830916,2.4343131546694523,2.3177087231017173,2.1203563406895114,1.8134836857075742
7.159893767075715,6.159801424125542,3.948526692986754,3.728385590183574,2.427522568702839,2.306441414283698,2.166475417785062,1.813003248240208
7.163373736022794,6.167115216350331,3.942947065259325,3.7233471368249327,2.417323726298933,2.305374869071337,2.171406815170655,1.8174957857553449
7.183613295649717,6.158964425633526,3.950699245230588,3.7181579257505635,2.4126494269215804,2.3020921676447603,2.1717290074605082,1.8126015256429895
7.154696280736951,6.166611603136774,3.926313470326164,3.7511289334790483,2.4068447690905264,2.296467755961051,2.1608047562146613,1.8093149473891321
7.121889518324814,6.175057938023743,3.917416758389833,3.7394146228924305,2.397718140915887,2.27976862600389,2.225722295885734,1.8099408031775117
7.109354374987847,6.161031211546349,3.938365679965967,3.735287064996271,2.394958720281777,2.274759894635354,2.220456197257842,1.8039443289382104
7.106925773130961,6.1529458664415655,3.922543000546736,3.76833534469125,2.390234225682814,2.2988628481714732,2.211200985817902,1.7972179775893742
7.089889933473659,6.166358098483355,3.917806512833178,3.767492692741709,2.447809385574772,2.2895191484234374,2.2381861639587326,1.7878968565959232
7.066466685556913,6.14059940284919,3.948122198327399,3.774830568300126,2.4458251058501537,2.284023126163696,2.235346371998386,1.7910152015883174
7.067302020712242,6.130928559454997,3.942534222109957,3.7708969468738687,2.441765896357555,2.281456987172302,2.229439224201909,1.7893024229938155
7.052458751173661,6.122616538732164,3.934820745080145,3.7708978540319276,2.4376470368609966,2.2764359011900512,2.222193562392206,1.793964285466167
7.039124476783148,6.108841872286599,3.926229170582654,3.759750213342111,2.464288733543092,2.267764494818548,2.227347111797151,1.7942034045019437
7.022272635556307,6.163071609085124,3.9157379852384935,3.7498791725230802,2.454829710552983,2.2658449384808304,2.2222815800168223,1.805818833758113
7.026996309912672,6.140188603592706,4.00436544371459,3.749107784914706,2.477279177243512,2.2562837497418884,2.2082078562583645,1.7956882496547386
7.008660723023428,6.112252092367057,4.028514957446168,3.740416999629261,2.4624909505896255,2.2493599353259017,2.204189344547493,1.809959022315158
6.981811033785751,6.151910284777186,4.0246524628513916,3.718271699061216,2.452747439235715,2.2382025730521486,2.227973866908114,1.801260202761132
6.9857320343548235,6.139269398807679,4.016291380190233,3.7196639031238514,2.4498682132379135,2.236745287946579,2.225112058162521,1.7965323054416733
6.979193133016415,6.12908063835891,4.01735888358087,3.714060244850087,2.4469773856474295,2.2357428951129035,2.225696223613446,1.7919080403100311
6.955130409303984,6.11429963856367,4.020533409954546,3.7280654639883823,2.444596170921929,2.2446322846344784,2.217863606538012,1.7919826613298337
6.941552475551709,6.111597027545212,4.027723783377095,3.7245855357516255,2.444156035085572,2.2386567745424766,2.220816134661221,1.7874124801320743
6.922074761981704,6.120848951253845,4.025056723679296,3.764251487930355,2.4376003760999825,2.2314801178401877,2.212049932378756,1.7907280484995949
6.9067975453609405,6.112611311017128,4.017479596417182,3.756140497711486,2.457025803138423,2.233455661870217,2.2067595306718752,1.7948142210124003
6.887540635162926,6.113615281889813,4.012326506634048,3.774080556414101,2.452038027895407,2.2289516984231774,2.2028034856935954,1.7997099334266602
6.880861891403799,6.1428682940861234,4.009964735612995,3.7752893917141974,2.4468485694194864,2.225511460633559,2.1955940685731354,1.7954379903819633
6.86810084888759,6.107254365481912,4.014577984625911,3.792857952671109,2.5125796112264043,2.2409411618342854,2.1852981573391923,1.7908070045068558
6.8564190340336255,6.091816704308327,4.010435372773625,3.795504895125232,2.5080386185030825,2.2370044809000023,2.191888458566405,1.7845601032510308
6.961000485173525,6.057300243801141,3.988080947590787,3.758226691365909,2.5036383172083,2.226556276990946,2.184745460215243,1.7854233822625214
6.953479958458018,6.0822677592130665,3.9768224608939318,3.7536647616102448,2.496943480025613,2.2232663339153036,2.1828084449111818,1.7828126787128442
6.956584853410707,6.137750047061399,3.9653120314917265,3.753258933817214,2.492237973140977,2.213658335513839,2.1816836693622257,1.784322094008676
6.954010242618832,6.119894601399986,3.9841861738259974,3.7383856150402868,2.48712857522659,2.218004906545034,2.1845507339506787,1.776551707538586
6.970001317902901,6.108342294661384,3.988856944239297,3.7034704893064156,2.487720421078241,2.219076936030265,2.1838059007215405,1.8015775092191262
6.960814114692375,6.100317913501327,3.9893470753750524,3.697489883392481,2.482870094589204,2.22074495939179,2.1791144167340284,1.8038753846350448
6.943302098625446,6.107703944105567,3.9791700973045865,3.6903114994079553,2.4975838153478396,2.2145654969495707,2.1737406645749875,1.8007135922078512
7.004597581437503,6.089355277623667,3.9698329350054156,3.676435359124214,2.494951214359462,2.2118016706508623,2.172122202841856,1.79251132718392
6.98863064297147,6.099358162944486,3.9701126334106758,3.665518881035323,2.4897321766589386,2.2505264684486,2.1645496379057434,1.788428612658248
6.974253251613584,6.081057137955286,3.9748912197662576,3.655243835350404,2.492505534192684,2.251704607313289,2.18626605986284,1.784657794684016
7.0188786508244405,6.074605407506344,3.965795606838877,3.6482202324908046,2.4919072541709197,2.2482867444862937,2.1801103873462604,1.7934854286311055
6.999619541929771,6.059365546249638,3.965310682379026,3.6809145045338068,2.490555913470321,2.241892016417811,2.17914136069298,1.793748310148767
6.991040672690321,6.055626160400891,3.9590279277487896,3.670524288431181,2.4889179459990736,2.2309301100275865,2.187807544129214,1.7975392955163683
6.989283198943714,6.0326296942605975,3.9699494184925554,3.673362977848416,2.4822294769696835,2.2356863072082476,2.1820146927804056,1.7908661961429824
6.988918048309159,6.019594121050791,3.9763756908014343,3.665524528477759,2.4788434005085396,2.2327057593446114,2.1773364374712223,1.7956461706567863
6.967825844216725,6.009863309560793,3.9903901012506826,3.679457538588607,2.4700545687940307,2.225330327089156,2.1684842037262824,1.7888997630679424
6.997598232185389,6.034535899697611,3.9847175696742028,3.6610441397730282,2.4656038179063895,2.2255144189492,2.162955776577682,1.7827472709386212
7.007250351013595,6.049844462914268,3.9991375513277414,3.651128477896871,2.463051155790332,2.2145044747156066,2.1576296208138435,1.7800000507943121
6.997495091826954,6.048500816687648,3.9884050343141992,3.645953297193161,2.460276002270594,2.2100257083661954,2.1523082680036056,1.7878635879945401
6.979863563390527,6.048319818937093,4.0044501679364926,3.639403541075973,2.457537017079269,2.2032699967890585,2.160773725334453,1.7902803590876726
6.976177285318646,6.049740080864755,4.0131240954565115,3.6358954862970454,2.4536344536324197,2.200998758804226,2.1558524386985196,1.7881696150868833
6.9689973283143765,6.042630129840842,4.011802219284961,3.6298947961376884,2.4506310922901458,2.199206005837859,2.158177905161688,1.7850451124119513
6.9792000425454805,6.03823667439722,4.000873618053392,3.625865367329308,2.452528964170951,2.196420063283018,2.1544453939577015,1.7819945563774777
6.973003470771223,6.0306106779503,4.01281179636038,3.624218219378199,2.462352701526811,2.192443312871672,2.152606866808111,1.782475695982501
6.975952315092297,6.024459177475262,3.993521573108927,3.617556273174439,2.497497625050393,2.1870388610168634,2.1533557614686174,1.7915274850956227
6.962899681847503,6.012936811361307,3.99000857960902,3.6176999968678802,2.4934338389138357,2.216337102181654,2.152575237275338,1.7887012995045581
6.959503847435266,6.01120273779708,3.9907091472979372,3.612185827833225,2.491714691117058,2.214889690428219,2.1521503967227518,1.7855137809980144
6.94801380720912,6.003054927767949,4.0184948088335455,3.625402530031068,2.4882062242303844,2.2139056913349093,2.146742453165879,1.7813194962051955
6.931290001240374,5.992223881125857,4.054479401655701,3.6031858307485543,2.4805630553340166,2.2151960944654676,2.1444861272125566,1.7728192231174953
6.913930037786893,5.979408538086954,4.128764531079954,3.595601775554607,2.4730582036802087,2.210522432664023,2.1365075868882704,1.7790286592136395
6.921823717445554,6.004131292319149,4.128771262434242,3.582415352147847,2.4702749499103884,2.208401552242471,2.1359604676654667,1.7732845248806224
6.88293803233871,5.962898273971332,4.176463150394241,3.6090684536442157,2.451262534475097,2.239085794371311,2.1418331681034664,1.7642693213729745
6.889932591646629,5.963356375516546,4.1929089440380185,3.604669163577263,2.4463605239521935,2.230946193501723,2.136781548636336,1.762743285436224
6.902087260578884,5.9558234382132165,4.185648660284992,3.603769023383096,2.4415660869151465,2.227174061705298,2.1334788271282936,1.7609257561959601
6.915971242077276,5.942037983395399,4.193163160681403,3.5974730473698067,2.443121183150937,2.2235046784464223,2.136050901011176,1.770103514892555
6.908086361645032,5.9555686192882895,4.189224244465251,3.5900799966082855,2.444373622549891,2.2131686036020057,2.12970072432991,1.779639420543406
6.878358307239945,5.969700175911705,4.172524750286429,3.5775045537465253,2.4848486374795473,2.2024815508486077,2.120849930544938,1.7737868612058698
6.86947455012322,5.954941446117038,4.164949021727708,3.570068601594248,2.4863280581005447,2.1996527711963254,2.116324549752221,1.7687675489902595
6.862015550360675,5.954063748884109,4.1634159725922695,3.5827406591850717,2.4837210385326136,2.1979691257715426,2.1143885094811763,1.7671159500959153
6.83918150886895,5.9277800529576234,4.180953024093405,3.5952687573268176,2.476979424465248,2.1974920436862777,2.117993658689422,1.7706044994472343
6.842805892697921,5.916297625030908,4.186618991140355,3.5769312504634314,2.4703377895098413,2.1985936936564525,2.1220968321419917,1.7695488212343164
6.831044886025411,5.902690553571689,4.1815937715148515,3.569976261906031,2.4668682435179647,2.1944451857188887,2.116199452005979,1.7666732344597202
6.848600113911017,5.94991251228587,4.217817713090355,3.556215219852089,2.4605694949082286,2.198863739822792,2.112371878212393,1.763155342606621
6.851528702771672,5.938624329284112,4.210297404510257,3.558909336549682,2.45956284772528,2.190658928612434,2.108626900609053,1.759216541212767
6.848926350501594,5.926511416822426,4.21306797294042,3.554554503159094,2.4705846523092716,2.199784134002187,2.1034905680682066,1.7658383607654842
6.840011979753401,5.912606923816268,4.206053013033991,3.5488336212006732,2.5012354758454682,2.210166939406288,2.1012322721879,1.7620076561121703
6.834913676690379,5.903574718192478,4.215826858446901,3.5431317004522653,2.4914450802428547,2.2059605273552103,2.0993574031997393,1.757909693273873
6.822319746789247,5.8849450180124565,4.246518937721262,3.5355746761713167,2.499198249863407,2.204074755849027,2.093559619497159,1.7537099488038768
6.804802015222079,5.872629645356384,4.2397257912558395,3.5363865278701803,2.4929056012375694,2.199196108582238,2.100689245727879,1.7516218219878714
6.814896704081415,5.853541874116367,4.275436237434645,3.5339804558486354,2.4863722315639727,2.2211330431824177,2.0941537236490486,1.7463259544604401
6.796421324906145,5.842896087298308,4.269049875530145,3.542104093231761,2.487005857411136,2.2222709858704714,2.0989162625626623,1.744439498223323
6.775622799843101,5.8362372210692,4.26222463589319,3.5754831674751153,2.481306823771004,2.2294769503955236,2.099049439861303,1.7499329797472538
6.786983055701641,5.831093724870416,4.2635387906262965,3.5697259804931902,2.478648793120974,2.2269396400681174,2.104795851998629,1.7482373357709922
6.769381201727905,5.8818361933952925,4.27398550376783,3.562132054373073,2.461428404296145,2.23176335303308,2.098804605451942,1.7418943609350788
6.742656132749982,5.897114567600189,4.264719257994626,3.55223868623197,2.4876282987093505,2.2360336604586273,2.097936130366757,1.7489333874826067
6.7428340339936685,5.889928112463784,4.263862203054434,3.565773070356749,2.4856766609097187,2.2357555064375942,2.099810764655492,1.7545931210169952
6.766747397335041,5.884147958108176,4.258410871295997,3.556578828904623,2.4826729640563636,2.236725036623697,2.109172599516347,1.7618726551492074
6.755495880149904,5.8718861190976925,4.252097151060866,3.5492109687627247,2.491208506424376,2.230780646207505,2.1037578203646126,1.760334264039428
6.758564747073384,5.869128755205905,4.254704610258274,3.539785545278466,2.49430182267054,2.225244402292055,2.100426930352426,1.7635955704424662
6.749147403063319,5.8639049954899995,4.251264217305474,3.5580479533809037,2.4920947051890634,2.232384539274536,2.1141435700173163,1.76617168217368
6.846336711260844,5.860438436948918,4.22697012687537,3.545594309236174,2.4773250837343452,2.229563357833454,2.1144291836190194,1.759970040950865
6.831506852352475,5.863218587021753,4.217829566954736,3.540183910270964,2.4760794381844597,2.2269787548343793,2.1239114924512696,1.7572200179462447
6.806280264449817,5.903673626345982,4.206953821116606,3.5235808689105026,2.468299970559605,2.22178291917695,2.149927869281906,1.7526819240927118
6.782520331358435,5.876678209041493,4.1899261609689695,3.5488893107601487,2.470446437239199,2.222331477341257,2.1652047841815705,1.743036056672534
6.774117364408943,5.868079224738362,4.19066197596616,3.5668513033197975,2.482023683660765,2.2149186002775316,2.1722204580882383,1.7405898545997627
6.8585976138978095,5.85508728054362,4.180566593106923,3.557079810213077,2.476723993861766,2.2108308126926404,2.170029398725376,1.7355727573792368
6.833753145896136,5.897581974263714,4.161226470698064,3.5699957687332726,2.4744385618323363,2.209813405337684,2.1634667422173735,1.7473094189258709
6.825646574509243,5.8885290857502,4.159817252566178,3.5656018049620957,2.467032599694874,2.205798296050822,2.156845522706921,1.7457851539406564
6.812977940171802,5.89885754754511,4.151902518433951,3.561997955486458,2.4754887836949213,2.2027367709481616,2.1527058568153143,1.7452647973947748
6.8180690464591525,5.896676264843494,4.148565430815724,3.565757060044953,2.4720347972035697,2.2024253186071125,2.1522381650704276,1.741871562964199
6.796135442701717,5.965302464388422,4.127277220833252,3.559222421859685,2.466998237908684,2.1973766364807124,2.1512357247921132,1.7440054984611164
6.8143340279531515,5.941304637157261,4.118372766889292,3.5628146177096385,2.466784647934447,2.209464017679568,2.1516433869700213,1.7476272561881792
6.807044865516776,5.923740212658165,4.1018759884102565,3.5644208588689064,2.4595389024622296,2.225867324474299,2.1421785284088726,1.771033783331494
6.808322709792934,5.913615372455404,4.116958124581922,3.564525694148435,2.4498706473550627,2.217915054530347,2.140628213904667,1.7678360096902244
6.816834708599391,5.906838534325129,4.112510623358834,3.5592935550416747,2.4654841688663454,2.2232157920953144,2.136883134411252,1.7751312668165793
6.819793256044979,5.907097361361701,4.112416111480698,3.561231606950386,2.4635704994617025,2.21873787520865,2.1343253055689937,1.7732292180334752
6.81703738557008,5.926614202926777,4.1145439476933605,3.554351295581894,2.4586532331268187,2.2255207268982677,2.1282111209043864,1.7726320566439893
6.848737220618447,5.904677168951557,4.095407649451058,3.5410259428273556,2.4547864316746324,2.218684119472507,2.1282712081033943,1.7984647733930048
6.842374007697785,5.893927632755173,4.0891364163998745,3.5319088453907477,2.449846940234067,2.2237513328225615,2.1279372866370223,1.807927245546235
6.859192354393278,5.8849088067222155,4.08746650668548,3.524287500073512,2.4491540054210414,2.2195140318348283,2.121050640261462,1.8072574733924
6.852898795657804,5.876624195892382,4.0832641177614075,3.5182046180313664,2.444221654830876,2.214836924883106,2.1223804637748716,1.8052114368543783
6.861180018063656,5.87873411550315,4.074681940307646,3.52374991499943,2.4424283357249643,2.2195059422854015,2.1150888297872363,1.7972416484748652
6.843844523770033,5.86786380759692,4.069317309534057,3.547738899877491,2.4387448716506563,2.2175575030687287,2.1142353219444883,1.813798074818449
6.846617543006617,5.859298881883212,4.063606075265753,3.546536586990991,2.4358776263715387,2.2134318314751247,2.112046043130459,1.8107732220052497
6.845462108866947,5.85312513369999,4.065730096704855,3.542148444529565,2.4406318982580624,2.2084214715804906,2.1092212916030832,1.8046594199523824
6.829616649139239,5.879108470540404,4.075950728451454,3.5366668578897906,2.4382433791967437,2.2031119303000204,2.103432494041402,1.8043923360821812
6.799215140718202,5.934221662419875,4.057123123274538,3.579991759638432,2.4375241834915498,2.1931443744276504,2.1002827192990976,1.799805248859093
6.818113994313842,5.917931863201804,4.074382464651848,3.583663499875944,2.434584334899251,2.1942873442263293,2.0946972482330617,1.792765428241377
6.83726134438586,5.918533819666344,4.074136419601095,3.576416772066573,2.4317516232992316,2.1902807766382812,2.090789887657053,1.7971751299513605
6.868321666310044,5.908148533758474,4.064769249199935,3.575280167642284,2.437134720443825,2.1838485113190957,2.091152201402582,1.7982234020841663
6.853549333638075,5.892902531445346,4.097992849015305,3.5796026601371818,2.4358041850554204,2.1819555985692367,2.0897121558209064,1.7961465030977908
6.845214602703846,5.89859279190455,4.0991491151070445,3.57520727607274,2.4388820103172337,2.1791464007798025,2.090101890441628,1.8044556446507853
6.8183490102895234,5.880604434264275,4.098750328293552,3.564029096376765,2.429555932383975,2.2230112926438275,2.08431091411215,1.794501957616619
6.828400098660032,5.882528807682601,4.128400084830305,3.5578061208959477,2.421976233810086,2.2209919449450597,2.0812776886381017,1.793874276622347
6.857310328273405,5.874038357031743,4.123964499103781,3.5555709239762856,2.416760948302081,2.2157857427341274,2.0797666698113213,1.7914195176378118
6.874933046867216,5.858996876085462,4.113330277292112,3.549426171800988,2.4142655455754847,2.212636994836926,2.080767545425696,1.7945468324132994
6.854166505580407,5.838666868736744,4.130472091797468,3.545266328999782,2.410626599501934,2.214206312262755,2.0924534538420296,1.7978777215987638
6.855266040125685,5.831135394908283,4.125142363211429,3.5441882031387117,2.406722276180674,2.2242786879427787,2.0904021857769877,1.795690734110148
6.840108673767715,5.841008393471128,4.147034587967383,3.5373324022140955,2.4012429709611274,2.2351058570205606,2.083382586585059,1.7959983260326944
6.843106472163308,5.828027026113597,4.153299336967118,3.543890983496732,2.400342110746712,2.2312855804620773,2.0864851536806652,1.7944460465450456
6.862226348652858,5.823667796943535,4.152850615067681,3.5509673705369655,2.396756686394579,2.2303462237313534,2.079924312477887,1.7885057725018352
6.876126595186498,5.823984396530906,4.13764506695796,3.5454423568199953,2.397268714268834,2.2318199578641362,2.08040065661693,1.7874229436856495
6.86648299872491,5.834482790963858,4.1328813217257245,3.586935169660521,2.3973676192279316,2.227373200922846,2.07460053029484,1.7828497225636613
6.86591900555317,5.821791976064108,4.1277024873564585,3.5912952234446673,2.3938887754563756,2.232884960206036,2.0722077982195874,1.781152897637883
6.8399880489470855,5.889611472587979,4.127367151318657,3.6360938416026407,2.382396990684121,2.2229743362402345,2.061169717027118,1.777509662359062
6.857842527703544,5.915405073296743,4.122593104429105,3.615964803914844,2.3769733288795623,2.2187895789038583,2.0635093383225622,1.7885915702831507
6.843684756224363,5.907200301895585,4.125592562763284,3.6063376057591796,2.373643760817653,2.2389559334659297,2.060371186357266,1.785095266764776
6.856318590629364,5.902523268044489,4.1298625492132786,3.6101492938087936,2.373937305389835,2.2342568264650744,2.0591064346094616,1.7826740144011108
6.854879527456361,5.89864375072712,4.125551891041809,3.608117954173504,2.3702033988731994,2.229012033247727,2.057021192612851,1.7824387070566985
6.8449307203655705,5.885985770623419,4.141375730559061,3.6312273522529237,2.3720145293656123,2.224826072184462,2.0522577580614345,1.7797046262088834
6.844139397900145,5.88981362402842,4.1298815069781085,3.6248413529882493,2.3721488005446267,2.220561028620419,2.0492250882679683,1.8062044446692371
6.837606764393655,5.878792938200593,4.131726164398194,3.6175590798797757,2.365317685330975,2.2323758157012272,2.046994238490726,1.8169223827569234
6.885780612423941,5.868261333399622,4.122962380933147,3.6132970200373626,2.3632059790131,2.231321144548167,2.0417150393998496,1.8154618126675746
6.953665846316176,5.849390230985667,4.1135172010840515,3.6017277443679205,2.357019794471667,2.2275928719797964,2.0406020735169834,1.8171757244414948
6.964497209025786,5.870260394526638,4.122529346221301,3.5957565980291872,2.352933585222574,2.2225275547610783,2.048216214257196,1.8101490107122546
6.970390008123928,5.863611518867392,4.117433068188571,3.5810829354112372,2.354869520297062,2.2219567004691343,2.081044676135985,1.8168972952552815
7.003729342734343,5.857957862639425,4.093991613255794,3.5823607289126405,2.3508043564603383,2.2426710264109992,2.091211354609375,1.81150908221929
6.9875864230379685,5.849637655062471,4.085436531312747,3.6118222152421797,2.3555678148227965,2.239767224602806,2.0857100174516003,1.8055491970858577
6.978444891204871,5.848488206637654,4.082409918902823,3.617473656594766,2.356044614449534,2.239407468746085,2.084952422257052,1.804911259752867
6.964084647816148,5.835065982330606,4.110796759616072,3.615332008753996,2.3553021737981688,2.2353607428525204,2.083228354744531,1.8064273157942488
6.991191984822235,5.826229496302354,4.104605282670451,3.609627356336702,2.3498646964746563,2.2332436216706917,2.091171066688861,1.816444437250405
6.997323175665931,5.812004919489477,4.099860598809849,3.5999659789738887,2.3543578535312055,2.2326985701694637,2.0850766460528902,1.8546964113623345
6.98981851553242,5.803985715335021,4.109573027936143,3.594073545110068,2.3503798412115704,2.2539600409167386,2.0814821215189805,1.851877951407787
7.0179777644394825,5.792574893762481,4.105270154824813,3.602659885684095,2.3467107183422975,2.249132424220513,2.0742366760301363,1.8550946965726947
6.997247676097477,5.778396531378915,4.134746766823579,3.5971184403913257,2.3452589052921637,2.259057526287272,2.0879790915370595,1.8520270003740404
6.993178659891262,5.773561573243499,4.132550296238424,3.5931435673211323,2.3424857106304797,2.2563323828591386,2.0910926435448283,1.8501515292484698
6.990629487480014,5.765260697094721,4.126487619023046,3.586864033632379,2.3376041219815766,2.254774085577603,2.0888162426908297,1.8584272007790033
6.980747266152449,5.752704148624994,4.151490161435542,3.580137242250603,2.3375878948898,2.2509798616847214,2.1069385317054263,1.858345797989952
6.974488030323731,5.762054640442659,4.146139099783085,3.578933724199833,2.3339986452382133,2.246398570733512,2.117554666014956,1.857319159501292
6.975130860273445,5.761749395989088,4.145994923451603,3.573960729793219,2.330707743906334,2.250596431785929,2.1154929947944816,1.855411915644857
7.013303768155633,5.827899450045331,4.124925665699616,3.5622730634209794,2.31902787708788,2.2385222874119606,2.1091658634490402,1.8541995141336407
6.996715798782941,5.817182762737779,4.136873644691777,3.5548698082157895,2.3399893934241813,2.236222102510953,2.1034144556446526,1.8593154647172379
6.991429713362806,5.806762330235233,4.135741411478661,3.550328516638366,2.3372156506896227,2.231960000079736,2.1136728314530386,1.8561581979539648
6.98090028528817,5.826819420544988,4.130793827612022,3.544268971109482,2.3335683616267158,2.227719980855148,2.1108329682870264,1.8548868100150413
6.9662956165003305,5.874142575397579,4.128711636585102,3.5359972619422706,2.3267162272838657,2.229985671328397,2.1025835810979054,1.8577486714345324
6.95970634073612,5.863255523626353,4.137303324999829,3.542318471891557,2.3234218045939237,2.2262874532430987,2.0998708559757375,1.8562335155603522
6.937271249395205,5.901799939184152,4.119748957964902,3.5577907176646035,2.316743667161012,2.2404166395823006,2.0953824811511534,1.8603253111434062
6.9351497845984635,5.923594866588554,4.110714208123932,3.566038101269817,2.32036596021997,2.2373973623435277,2.0983635223800983,1.8569603981847707
6.942949173540667,5.95028869156174,4.1076531412481625,3.581632827412793,2.3155980250029082,2.2340890914670517,2.0938652939731526,1.8554490493169826
6.919729320317184,5.933103899753477,4.13042971166586,3.5768584117747566,2.3260029665861004,2.22665900354222,2.0868222560617524,1.8528885653352993
6.902053511046237,5.950682116430141,4.118448884452608,3.6071549506727223,2.3270720914508884,2.224945889688069,2.082212190838388,1.8482973095877755
6.85408696917363,6.089313560951067,4.090282372266676,3.660462064490912,2.315595411958132,2.2260618625244413,2.0755176546067227,1.8405026576436592
6.860339533704975,6.073263055427127,4.08959672289418,3.6884117114241244,2.3087071358405873,2.2254216997798575,2.070925273195898,1.8503944731962356
6.910875099591613,6.056323874456633,4.080193850187184,3.6839356149914724,2.3020214738159783,2.2213379922974283,2.068077998766842,1.8517670668453015
6.913646608665348,6.049721645244039,4.076443018638811,3.6832209746352054,2.2994027442654694,2.2198668055536492,2.0667826167622336,1.8516202993784863
6.897876869851188,6.032645617372873,4.099458764137433,3.678814166389883,2.296328463243719,2.239572424365263,2.066449216926716,1.8485778374824526
6.888967641281073,6.032766665364677,4.098526386563883,3.67321837884686,2.2974423700457143,2.2396897312353308,2.076238337596653,1.8456398965732044
6.882924089421808,6.024470183169886,4.093614672878058,3.670766196107708,2.3073291956758175,2.237343755960184,2.0706544473496336,1.8428078394296359
6.867272756131295,6.02790256830261,4.0920925605081315,3.6618068416779797,2.2990345214801207,2.234910874622078,2.0662855366993234,1.8532268879522236
6.859584293233103,6.016608128166426,4.086764054903702,3.6556377402457643,2.313171940497029,2.232317263226069,2.065069403998608,1.848555005383448
6.870048686437537,6.007750928134312,4.0804026621251674,3.6758348158548695,2.3121322239322804,2.233290129636271,2.0616666683343388,1.8465777887240242
6.865273072043148,6.008753204408469,4.073636890632711,3.670653834806485,2.3104581705154654,2.229155665787322,2.058248267212164,1.843864395676023
6.861848133741123,6.00567625575837,4.077009854502533,3.6692788991830523,2.308418282412929,2.2242166816351077,2.058084272580341,1.8414828573819313
6.846440050396251,5.99600925515336,4.0789270771354165,3.663395251557647,2.3204371461205833,2.227523901321592,2.056332048973131,1.841140215715965
6.836773726979048,5.998452584050795,4.074802318078768,3.6577717319628924,2.312932217507641,2.2288826932527583,2.0662920571992776,1.8374497896750561
6.791866735759412,6.165153012849986,4.048303272108351,3.700307628932085,2.299835984996193,2.2273427574514817,2.056241048617911,1.8309417165045443
6.786023126182171,6.153261394921924,4.052945162788175,3.69684679515626,2.297607847848026,2.22437238681885,2.059856814636919,1.8287641028717163
6.769573868798096,6.146453550238258,4.049589132410611,3.691019541625327,2.30251532943753,2.2201680847330696,2.0572884636717954,1.827309964812992
6.762732154472174,6.139125791991478,4.046949926109628,3.6869189665077333,2.300209535375316,2.2207535780880834,2.0566675791958424,1.8263411151663753
6.762812511180981,6.12997544507551,4.042517524200853,3.684202695785663,2.29804486998184,2.2180102157754225,2.07080156863413,1.8261743253971865
6.8090346499806875,6.128841034978667,4.046911623086775,3.665594956155316,2.292183557830199,2.216008659992511,2.0617445966592483,1.8199205503337001
6.836926551166827,6.122922491009532,4.047844829799334,3.6617956817100805,2.302163155887972,2.2139442437679078,2.0584846859107917,1.820494650498684
6.838137682652102,6.116951923094547,4.036716914932084,3.659053257196149,2.2993274861875155,2.209964579709809,2.058529510288559,1.8277958298526058
6.868452460929134,6.149352439043975,4.041422429980274,3.6505199619526523,2.3615267758732736,2.1980314637106635,2.0532198980489027,1.8198113910846414
6.857894890356192,6.146611394348023,4.035634199985056,3.65774140970685,2.3579502238131336,2.1953590792689166,2.0479313868877926,1.8210660080104815
6.841690616312178,6.14716129319808,4.030770886061507,3.6560472080314783,2.353939927367285,2.193398695772966,2.048296642267017,1.8260811798854513
6.840582317428461,6.139879164909082,4.025340437268266,3.6509148783503633,2.3519838711217287,2.190948386254622,2.046195487810662,1.8287549028641101
6.825373376714338,6.134098949931657,4.0348540020345425,3.6465097317749806,2.3479271902475882,2.1867993341026315,2.0466522935862237,1.8264952735737077
6.826523726161543,6.160084053429075,4.031494059152192,3.6364752245150624,2.356317946083943,2.1967551733732353,2.043356819147216,1.8272159443962297
6.847093368144761,6.166727287811324,4.026918794824802,3.636552759684204,2.3510983449140666,2.193937161712676,2.0454060274212185,1.8428219979861173
6.842816748128406,6.2622025392055445,4.001777971890559,3.6334731930562834,2.3793142516616164,2.2134305011383546,2.052861611226907,1.8338373548334652
6.8410977498483145,6.254183651603792,4.00113381182693,3.6305216738503234,2.376650498777496,2.2238976356279485,2.0513825686299945,1.830733234064182
