cell_rank,dpt
0,0.0
1,0.15142217415760337
2,0.26946264160702205
3,0.3534682763275552
4,0.4020633619677074
5,0.4934965538770758
6,0.5102339848425442
7,0.5501586945176566
8,0.6307961426732505
9,0.6553329435531321
10,0.6647111937126587
11,0.7224281565297828
12,0.7242575918327937
13,0.7256043718100501
14,0.7279247688508332
15,0.7300921492289313
16,0.7484338326870192
17,0.7699636510364892
18,0.7726228926655627
19,0.8070846555153428
20,0.8072376025505461
21,0.8475871105585073
22,0.8559180452689351
23,0.8695733117054737
24,0.8765674673542062
25,0.8808784689751792
26,0.887238391295254
27,0.891619767450439
28,0.8925978805331827
29,0.896506940585519
30,0.8971009179596328
31,0.9025028746979067
32,0.9041145482003642
33,0.9043635376775946
34,0.9050805386489275
35,0.9084790849455731
36,0.9098922121830733
37,0.9145148391390615
38,0.9158940387387844
39,0.9207335396056638
40,0.9213108506189326
41,0.9220477497842708
42,0.924806861341726
43,0.9248950243190026
44,0.9250688848533639
45,0.9266033930724488
46,0.9272040127751772
47,0.9335583067250901
48,0.9349555092664804
49,0.9350849846918803
50,0.9378800032186232
51,0.9392614060303517
52,0.9451785705577659
53,0.9467215932938464
54,0.9496168829743711
55,0.9496681840551775
56,0.9509923094673216
57,0.9513571899210023
58,0.9529028016048557
59,0.954175251143453
60,0.9558738574253883
61,0.9562278919287144
62,0.956754112781321
63,0.957236580792286
64,0.958974658081244
65,0.9594530273825075
66,0.960452599910147
67,0.9606042376479346
68,0.9622566765042047
69,0.9635640481687487
70,0.9641784903942139
71,0.9644863970058842
72,0.9664165404772455
73,0.9669207333084627
74,0.9686730518679139
75,0.9702999191725015
76,0.9749692830091917
77,0.9753381433460662
78,0.9766660455211456
79,0.9768398100919781
80,0.9771513196001911
81,0.9772736025428616
82,0.97797594200468
83,0.9787778541402691
84,0.9793153813707417
85,0.979774082883934
86,0.9820688556783449
87,0.9833010723811513
88,0.9835152708328322
89,0.9847055459310488
90,0.9851238967179583
91,0.9871145593950268
92,0.9896214249233506
93,0.9900728392967599
94,0.990228360618338
95,0.9906409950470423
96,0.9920015727310775
97,0.9930776059914288
98,0.9949536554508317
99,0.9956820375604325
100,0.9961725071374904
101,0.9970707487313321
102,0.9972792984756724
103,0.997360779308038
104,0.9974338917829936
105,0.9982092846378807
106,0.9984953902353109
107,0.9996020537400315
108,1.0009913712459118
109,1.0014870802303986
110,1.0016529779520589
111,1.0020288040986411
112,1.0030545212215582
113,1.003689262968449
114,1.0045667263179296
115,1.004872717952379
116,1.005872278442913
117,1.0060332349373018
118,1.00658593517497
119,1.0107560324384952
120,1.0110733877059894
121,1.0111977205196712
122,1.012552854243872
123,1.0127480057523957
124,1.0128849903113526
125,1.0152744681232346
126,1.0161953175168317
127,1.0163342041380106
128,1.0174716390773473
129,1.0179548358740158
130,1.0182864433795826
131,1.0204962445612034
132,1.0206845627784626
133,1.0223040541168567
134,1.0224874564250621
135,1.0228336484019522
136,1.0237124663283657
137,1.024263389367489
138,1.026015796476298
139,1.0261774082791848
140,1.0268250499142832
141,1.026903988215598
142,1.0273303171168922
143,1.0293009925309766
144,1.0294852158106638
145,1.0300299174092065
146,1.030066659093329
147,1.0306623125150722
148,1.030668305451096
149,1.0310189235047424
150,1.0314319296397036
151,1.0316186661020479
152,1.0318508446517927
153,1.0324720392007527
154,1.03256154034861
155,1.0356186455049257
156,1.0361245009379834
157,1.0374604485344028
158,1.037644862041682
159,1.0384452974302032
160,1.0393036619702278
161,1.0395194939975883
162,1.0399202489377142
163,1.0400377111238022
164,1.0405765479759153
165,1.0412814690546979
166,1.0414078441119423
167,1.0419494088420693
168,1.0419742808931278
169,1.0420250758055256
170,1.0427299204836724
171,1.0428010395805132
172,1.043641908946687
173,1.0440381513396944
174,1.044913606106578
175,1.045025374025931
176,1.0470698890649484
177,1.0477124704073204
178,1.0489026843528508
179,1.0491876633954171
180,1.04953006683895
181,1.0551977060235869
182,1.0563659619968977
183,1.0564190009030414
184,1.0567415267871052
185,1.0568378582872462
186,1.0578031114733926
187,1.0578415088834827
188,1.058036910250973
189,1.0596631218744084
190,1.059849328750656
191,1.0606161881885723
192,1.0608911796528413
193,1.0610151947084223
194,1.0611643655363017
195,1.0614810902023353
196,1.0617189602738395
197,1.0619194560697562
198,1.0633766075487456
199,1.0646724418999343
200,1.065533047098292
201,1.0656890293966204
202,1.0668618191752537
203,1.0670383330173976
204,1.0673408744546804
205,1.0673528496558264
206,1.0677350676806057
207,1.0705301529486932
208,1.0715656167808734
209,1.071826530593605
210,1.075405092376838
211,1.0764416591701322
212,1.0768971544723305
213,1.0771840122086809
214,1.0792163285041545
215,1.0803404558217622
216,1.0807450487663073
217,1.082112598890888
218,1.0823080806615784
219,1.0838325536876516
220,1.0841541428814245
221,1.0845391920944605
222,1.0861358273936352
223,1.0861663798753411
224,1.0890616253275192
225,1.0892366122159411
226,1.0917124768848665
227,1.0935874617983694
228,1.093871509049743
229,1.0940914151482624
230,1.0941821577426727
231,1.0948455474928305
232,1.0949938769167071
233,1.0959441160811603
234,1.097086508047283
235,1.0974735008649108
236,1.0993359125530204
237,1.0999971029803395
238,1.1031346907038173
239,1.103716726987336
240,1.1039252588668478
241,1.1041459346920404
242,1.1078010477918108
243,1.108588952904367
244,1.109601323148859
245,1.11032436455867
246,1.110390599329731
247,1.1105666474818028
248,1.114883740862512
249,1.115355034120288
250,1.1170975176170694
251,1.1201410697683152
252,1.1205842802381183
253,1.1218546300580972
254,1.1247094742256867
255,1.1247732629252505
256,1.1265369521628117
257,1.1270250293490474
258,1.1270559092144525
259,1.129019193768308
260,1.1296436891841304
261,1.1307456233869857
262,1.1329201132139366
263,1.1341662860706456
264,1.1345350839668378
265,1.1347227669916544
266,1.1354999478228265
267,1.1357825465043034
268,1.137176711271094
269,1.1382935161524284
270,1.138300944484244
271,1.1388753629456967
272,1.1397756761634534
273,1.1406108917362419
274,1.1415859292225317
275,1.1418808552457196
276,1.1435314161732277
277,1.1435526652795314
278,1.1436838795084794
279,1.144633877914643
280,1.1451590611451674
281,1.1465765428661698
282,1.1466249596103457
283,1.1481261291733134
284,1.1483527937331124
285,1.1485038805087167
286,1.1493715146509835
287,1.1495215068028706
288,1.1513956190411474
289,1.1515612617398545
290,1.1516967565680445
291,1.152255876285532
292,1.152327993545487
293,1.1528722850811142
294,1.1543460198858724
295,1.1546057340753018
296,1.1548762745964887
297,1.1566900056568703
298,1.1570349385621177
299,1.1572315828286608
300,1.1578346528398928
301,1.1591566108811688
302,1.1611305826103195
303,1.162038224699994
304,1.1631147210914585
305,1.1647762071700565
306,1.1656178372268322
307,1.1662188383304648
308,1.1663325581632114
309,1.1671509258370627
310,1.1683473257740062
311,1.168398277531459
312,1.1692028131183114
313,1.1693394617804322
314,1.1711707909032907
315,1.171956119615768
316,1.174709521223581
317,1.175550960545787
318,1.1761900040113535
319,1.1766833342630707
320,1.17668866702073
321,1.1776576544905206
322,1.1777142599808126
323,1.178828619246389
324,1.1794160601947952
325,1.179730247423842
326,1.1797423152318365
327,1.182084881697767
328,1.1823054157540565
329,1.1828575705203086
330,1.1846189867148949
331,1.1859280489635915
332,1.1859702506384464
333,1.1861585089270585
334,1.1861908921484736
335,1.1862210313740538
336,1.1869709934520065
337,1.1886364867331174
338,1.1900111765369643
339,1.1900427351551273
340,1.1901813889238646
341,1.1902969728287693
342,1.1903817315887533
343,1.1921464608271963
344,1.19351173084889
345,1.1938396536549551
346,1.1942827376283414
347,1.1954732263383372
348,1.1972742645291683
349,1.1977061145097252
350,1.1978000191644684
351,1.197823150686168
352,1.1980978695475184
353,1.1981450512981509
354,1.1991246844041723
355,1.1993903814965137
356,1.1997276788346332
357,1.2003856802609014
358,1.2016750427120595
359,1.201940219436783
360,1.2029523330532514
361,1.204237672620396
362,1.2043534350395715
363,1.2048901499013096
364,1.205302123002222
365,1.206819957676367
366,1.2073560201483806
367,1.2093795707777308
368,1.209699456651329
369,1.210658847964121
370,1.2112113874752393
371,1.2117718840851015
372,1.2121438868622076
373,1.212178633163951
374,1.2122768094817749
375,1.2123202891466156
376,1.212964262880766
377,1.2136319694938171
378,1.2141789192641674
379,1.2142681485023576
380,1.2151927572644114
381,1.2152196641974116
382,1.2156056805400102
383,1.2156732565230277
384,1.215709926151297
385,1.2157646502712638
386,1.216247605473268
387,1.2169791124428473
388,1.2184246162601906
389,1.2195077589092274
390,1.219534868827405
391,1.2196651047140812
392,1.220200166100782
393,1.2202045710011258
394,1.220986671505572
395,1.221547812403048
396,1.2216636447457043
397,1.2216688837854441
398,1.2225887982173718
399,1.222677009766069
400,1.222869272793906
401,1.2236236840773738
402,1.2249141507483803
403,1.2249193145744448
404,1.2289881365167434
405,1.2291366339030765
406,1.2291649631652963
407,1.2292832673941425
408,1.2294372445728765
409,1.229522046754357
410,1.229548640479327
411,1.2297308326923213
412,1.230451090769236
413,1.2314308483059317
414,1.2325955721353663
415,1.2338053477851925
416,1.2349168889273725
417,1.2361796498409552
418,1.2365118141300335
419,1.2366025125101014
420,1.2372562070015174
421,1.2377876502789034
422,1.237903162578545
423,1.2381746963815785
424,1.2387128119028608
425,1.2390440176593929
426,1.2408173749038611
427,1.2409068233886997
428,1.2410180465962315
429,1.2411443983137767
430,1.2414162696522735
431,1.2422669357899179
432,1.2430880417513608
433,1.2439711371187983
434,1.2444565514095174
435,1.2446859390520413
436,1.2449913330017939
437,1.2452143126982025
438,1.2457116376971666
439,1.245862488820527
440,1.2459551900721733
441,1.2462034691765784
442,1.2462409745235272
443,1.2469059796837993
444,1.2470234773826632
445,1.2481159804871846
446,1.248172397648162
447,1.248504803452786
448,1.2490840547742394
449,1.2500849250275508
450,1.2510661832902903
451,1.2521930349924637
452,1.2528505536411902
453,1.253479768254206
454,1.2542316475486457
455,1.2547487535652604
456,1.2565029719282397
457,1.2587392521192866
458,1.2592869634069017
459,1.2593762671346573
460,1.2597708593489767
461,1.260009883683272
462,1.2645493465765159
463,1.2649034956835281
464,1.2655220258050612
465,1.2655307873040835
466,1.2661664339901388
467,1.2666198958488817
468,1.2671762402001334
469,1.2672786177945283
470,1.2675882702851282
471,1.2676141581755103
472,1.2681270628142276
473,1.269114399225134
474,1.2692705267796858
475,1.269835781210018
476,1.2703315727446982
477,1.2724254730363715
478,1.2727690564926624
479,1.2729954196028748
480,1.2737167814859713
481,1.2742829500994413
482,1.2742916483815734
483,1.275536486139187
484,1.276420560079742
485,1.2787987779144223
486,1.2791046532936394
487,1.2795326390065054
488,1.2799273951657033
489,1.2802171806903542
490,1.2805887931284134
491,1.2808486095867335
492,1.2844721553852176
493,1.2848053135994912
494,1.285748834039807
495,1.2867239114328677
496,1.2876358867216235
497,1.288144636430427
498,1.2903028861157146
499,1.2903681188083815
500,1.2909068808358417
501,1.2911530627618248
502,1.2913107711982188
503,1.2914905201222031
504,1.2927836395240457
505,1.2930153918975855
506,1.2938442204541887
507,1.2939098091941883
508,1.2955731703547573
509,1.2957369568695547
510,1.296470573591373
511,1.2978005925800566
512,1.2983677403672995
513,1.2986884609825913
514,1.2990950478805985
515,1.3005409001050519
516,1.3006639410072367
517,1.3007351512914784
518,1.300842241658021
519,1.3013783783262731
520,1.3014280420642292
521,1.301916340547466
522,1.3019998418223795
523,1.3024108776954895
524,1.3025697192802081
525,1.3031196421086766
526,1.3031756078029715
527,1.3034975017249084
528,1.304240990385762
529,1.3046001751944747
530,1.3051514896396936
531,1.3057269878775246
532,1.3060073156063279
533,1.3064727719147609
534,1.3069789487714731
535,1.3080985762221466
536,1.308681079213964
537,1.3088461859713607
538,1.309979656299968
539,1.3100040778001347
540,1.3104434406020906
541,1.3108028168475487
542,1.3115640574500738
543,1.3125085172484687
544,1.3136193004093901
545,1.3140021638222763
546,1.3141013343936723
547,1.3154091916005928
548,1.3174559774707872
549,1.3175046990303076
550,1.3177424439899943
551,1.3177871065500255
552,1.3179209269665084
553,1.3182167193706658
554,1.3206777784875288
555,1.3209974484816247
556,1.321076831864879
557,1.3215318445786945
558,1.3215864493856204
559,1.322361787891031
560,1.322412494723389
561,1.323015359739213
562,1.3248085209736005
563,1.325130600080759
564,1.3256521073058458
565,1.3258323977247812
566,1.3258840448315137
567,1.3261312105853558
568,1.3262504584369568
569,1.3266162856297898
570,1.326772736228809
571,1.3275416965691953
572,1.328731848079368
573,1.3289989777396753
574,1.3290659993594947
575,1.3295053191253834
576,1.3304816116882097
577,1.3320143528461201
578,1.3326867970063125
579,1.3342576925451028
580,1.3361909872872897
581,1.336462825351854
582,1.3372285307894984
583,1.3375124769736846
584,1.337778081937575
585,1.3380552801831314
586,1.3406950871170478
587,1.3417141876553094
588,1.3424864689515772
589,1.3427425089096738
590,1.343850527367494
591,1.3451982764463006
592,1.34588210030342
593,1.345904975241716
594,1.3464060769636281
595,1.3467668783122806
596,1.3470750055685259
597,1.3473649603625
598,1.3474993509373892
599,1.3505354716774578
600,1.351608509492307
601,1.3516298219666665
602,1.3516850566802647
603,1.3517928864968511
604,1.3519978813149534
605,1.3525923200544656
606,1.3527631023734787
607,1.3529719368754942
608,1.3549569340060903
609,1.3553312684000403
610,1.3585667230658716
611,1.3589261868299138
612,1.3595351068449937
613,1.3607486389421806
614,1.3619346318634267
615,1.3620389110060231
616,1.3627031509579348
617,1.3629112426879868
618,1.363539979835372
619,1.3635771436820663
620,1.3639627524192162
621,1.3642243035754964
622,1.3643924336527078
623,1.3648869621874329
624,1.365623365721527
625,1.3657684115476139
626,1.3673358005479472
627,1.3674669313726522
628,1.3675055128853797
629,1.3676453938530357
630,1.3681743202630383
631,1.3688712402819592
632,1.3693169050448215
633,1.3699754098004324
634,1.3700218727275326
635,1.3702933681636231
636,1.370888902220707
637,1.3716304037545068
638,1.3722806650226178
639,1.3722925460570825
640,1.3722930599247405
641,1.3725658114731156
642,1.373217676578155
643,1.3735119228043124
644,1.3742987833689948
645,1.3755836648937367
646,1.3758186536960553
647,1.376273729669861
648,1.3777034157929522
649,1.3781723265821058
650,1.3798944673034519
651,1.3804308766105355
652,1.3805617182257068
653,1.3805857011652025
654,1.381440455141898
655,1.3816272412291917
656,1.3833750387412245
657,1.3837596252888997
658,1.3841915678683918
659,1.3846406784792002
660,1.3852792653222763
661,1.3860377706024813
662,1.387079396573929
663,1.3886585720017062
664,1.3893761793212924
665,1.3902406179261393
666,1.391166354403234
667,1.3911797207645535
668,1.3931922850448955
669,1.3951231029977784
670,1.3959979047459685
671,1.3964800541100488
672,1.3966588154391428
673,1.396992701176426
674,1.3975621993917475
675,1.3980728943902954
676,1.3989849576763755
677,1.3989965212699718
678,1.3995193368041343
679,1.399953962588989
680,1.401536147181501
681,1.4016170198952982
682,1.4021815246423477
683,1.4023525479318684
684,1.404438298269589
685,1.4050794015167525
686,1.4064683614369338
687,1.406613974295158
688,1.406908623455934
689,1.4076241028589436
690,1.4076469231687188
691,1.4079061339430725
692,1.4080188477452504
693,1.4082301031610682
694,1.408252159159506
695,1.4099886137269724
696,1.4101414507962804
697,1.4103840907063114
698,1.411178171515238
699,1.413734939193658
700,1.4143796676753033
701,1.4144260515723055
702,1.4165126004618072
703,1.417250313777324
704,1.4183595486473044
705,1.4190251896725867
706,1.4191703033898073
707,1.4203751389497432
708,1.4204224448825826
709,1.4205031982365834
710,1.4206097903623733
711,1.4207321323595097
712,1.4229918778599
713,1.4235670988496032
714,1.4236365668292303
715,1.4237801657301068
716,1.4242785106782097
717,1.4249274076423577
718,1.425369769658849
719,1.425875503821621
720,1.4259473931899376
721,1.4274031981651496
722,1.4275322546727156
723,1.4284593163804737
724,1.4309352099222765
725,1.4311117218397609
726,1.431716964430259
727,1.4346398247377108
728,1.4346637511279339
729,1.4357779276077882
730,1.4359283545704495
731,1.4363185021090652
732,1.4371795282250566
733,1.4378227337715161
734,1.4386798617913457
735,1.4388690602767622
736,1.440167236325942
737,1.4415682843445703
738,1.4415929913564616
739,1.4431074738549903
740,1.443927559479873
741,1.4442638178271798
742,1.4453189358371719
743,1.4454982940336487
744,1.4467688326749253
745,1.4470374635818934
746,1.447599131752162
747,1.447612442779996
748,1.4493894391597646
749,1.450594340718525
750,1.4525570423085974
751,1.4531409325488962
752,1.4534046277679329
753,1.4539789414622202
754,1.4547799831797261
755,1.4567841062025222
756,1.4571859987201252
757,1.4571968599252028
758,1.458271404021031
759,1.458958879229519
760,1.460476442247922
761,1.4605441117608213
762,1.4605986889330376
763,1.460664044958093
764,1.4610871857887402
765,1.461197231025425
766,1.4612607987335282
767,1.4626028638942892
768,1.4632457483872146
769,1.4634392360847914
770,1.4651698844802294
771,1.4659931554901269
772,1.4662824778577566
773,1.4665038957270256
774,1.467213937926388
775,1.4674937568633735
776,1.4699290190827268
777,1.4710420454738746
778,1.4730239335664326
779,1.4732505672014886
780,1.475143442298574
781,1.4759880254311846
782,1.4789004336406277
783,1.4798237128078573
784,1.4808825791020808
785,1.481683862101726
786,1.4831721231191026
787,1.4845061284948475
788,1.4848952004718128
789,1.485848397839616
790,1.486072326234724
791,1.4863465122096642
792,1.4868221152583174
793,1.4876159168362186
794,1.4876964493268805
795,1.4929749317214231
796,1.493974180290152
797,1.4966052206161538
798,1.497162887325242
799,1.506646888985202
800,1.5078108392667249
801,1.5079900814852802
802,1.5100612351794476
803,1.5101452765601013
804,1.5146706819166313
805,1.514702804156983
806,1.5149957153890756
807,1.5152329428058866
808,1.516908416900352
809,1.51946528399736
810,1.5226553543276669
811,1.525807329216096
812,1.5378962798402915
813,1.5394031292720771
814,1.5408749382248819
815,1.543514679919899
816,1.5492578811294202
817,1.5683985729661594
818,1.5718563485808112
819,1.5822932968856838
820,1.5935816800847842
821,1.594622346698675
822,1.5992152942595863
823,1.6004503625707218
824,1.6017939030721173
825,1.6039635168359994
826,1.604448987559768
827,1.6144791216019665
828,1.6153749239484008
829,1.615658499449341
830,1.621470350069131
831,1.623547693690087
832,1.6273963773662694
833,1.6293483810262839
834,1.6314860374725084
835,1.6327410011124404
836,1.6346665442608088
837,1.6356933009314882
838,1.6368619806516114
839,1.6391501877496042
840,1.6392811817709343
841,1.6407903249688223
842,1.6485378036444478
843,1.6509895277278137
844,1.6512774401722505
845,1.6518363544558257
846,1.651854128626538
847,1.653247775999164
848,1.6543413760393597
849,1.6549704030299919
850,1.656759631935838
851,1.6584393557997408
852,1.6592199700667642
853,1.6596674282503074
854,1.664376660000464
855,1.6661775788395885
856,1.666649303254223
857,1.6700711825323604
858,1.6715476644691554
859,1.6722268259575095
860,1.6730287881928367
861,1.6738082513574344
862,1.6762614098920914
863,1.6787468903868954
864,1.679710879283281
865,1.6798578054517312
866,1.68018174912835
867,1.6825365766541185
868,1.6871123802994603
869,1.6880299339460088
870,1.6888642209402938
871,1.6895001934730716
872,1.6901935268576649
873,1.6917471388820025
874,1.6974401285126879
875,1.698302466726493
876,1.7032786200931624
877,1.7047473283631946
878,1.7053015878738693
879,1.7057011217083498
880,1.7102450664369215
881,1.7140488439133528
882,1.7153223377777016
883,1.7169313752043447
884,1.7176288904461652
885,1.7187929591337048
886,1.7191154221288791
887,1.7202218243093932
888,1.7229498108819363
889,1.7260940506085247
890,1.728764034935623
891,1.7357935929082284
892,1.7360340219151573
893,1.7432084160577557
